0,Smiles
0.4978244991856511,Cc1sc2nc(SCC(=O)NN)n(-c3ccccc3)c(=O)c2c1-c1ccccc1
0.3744894769022784,NNC(=O)CSc1nc2sc3c(c2c(=O)n1-c1cccc(F)c1)C(c1ccccc1)CCC3
0.19889286185816046,NNC(=O)CSc1nc2sc(Cl)c(-c3ccccc3F)c2c(=O)n1-c1cccc(F)c1
0.17716712249302158,COc1ccc(-c2csc3nc(SCC(=O)NN)n(-c4cccc(F)c4)c(=O)c23)cc1
3.6393971584500076,NNC(=O)CSc1nc2scc(-c3ccccc3)c2c(=O)n1-c1ccccc1
2.920934350257914,NNC(=O)CSc1nc2sc3c(c2c(=O)n1-c1cccc(F)c1)CCCC3
0.6226204325093612,NNC(=O)CSc1nc2scc(-c3ccccc3F)c2c(=O)n1-c1cccc(F)c1
0.420925444991306,NNC(=O)CSc1nc2scc(-c3ccccc3)c2c(=O)n1-c1ccc(F)cc1
0.21869030204972817,COc1cccc(-c2csc3nc(SCC(=O)NN)n(-c4cccc(F)c4)c(=O)c23)c1
1.4607921623455664,NNC(=O)CSc1nc2scc(-c3ccccc3)c2c(=O)n1-c1cccc(Cl)c1
4.708763733109901,CCN(CC)CCCOc1ccccc1-c1csc2nc(SCC(=O)NN)n(-c3cccc(F)c3)c(=O)c12
2.3874355561951583,COc1cccc(-n2c(SCC(=O)NN)nc3scc(-c4ccccc4)c3c2=O)c1
0.8676904817990971,NNC(=O)CSc1nc2scc(-c3ccc(F)cc3)c2c(=O)n1-c1ccccc1
2.167053547345329,COc1ccc(-n2c(SCC(=O)NN)nc3scc(-c4ccccc4)c3c2=O)cc1
2.0753594085919254,COc1ccccc1-n1c(SCC(=O)NN)nc2scc(-c3ccccc3)c2c1=O
1.9127170603313557,NNC(=O)CSc1nc2scc(-c3ccccc3)c2c(=O)n1-c1ccccc1Cl
1.210150529013692,Cc1sc2nc(SCCC(=O)NN)n(-c3ccccc3)c(=O)c2c1-c1ccccc1
2.930568604659028,NNC(=O)CSc1nc2scc(-c3ccccc3)c2c(=O)n1-c1cccnc1
0.7567115656493609,NNC(=O)CSc1nc2scc(-c3ccccc3)c2c(=O)n1-c1ccccc1F
6.071033268496378,Cc1csc2nc(SCC(=O)NN)n(-c3ccc(F)cc3)c(=O)c12
2.3853691661466936,NNC(=O)CSc1nc2scc(-c3ccccc3)c2c(=O)n1Cc1ccccc1
0.5072464015036602,NNC(=O)CSc1nc2scc(-c3ccccc3)c2c(=O)n1-c1cccc(F)c1
1.9768930528932072,NNC(=O)CSc1nc2sc3c(c2c(=O)n1-c1cccc(F)c1)C(Cc1ccccc1)CCC3
1.1847861610570392,NNC(=O)CSc1nc2scc(-c3ccccc3O)c2c(=O)n1-c1cccc(F)c1
2.557516225244279,NNC(=O)CSc1nc2scc(-c3ccccc3)c2c(=O)n1C1CCCCC1
4.428242722744994,NNC(=O)COc1nc2scc(-c3ccccc3)c2c(=O)n1-c1ccccc1
5.065510234861049,NCC(=O)CSc1nc2scc(-c3ccccc3)c2c(=O)n1-c1cccc(F)c1
3.7652661311295517,NNC(=O)CNc1nc2scc(-c3ccccc3)c2c(=O)n1-c1ccccc1
1.1818818765872345,CC(C)(C)OC(=O)N1CCc2c(sc3nc(SCC(=O)NN)n(-c4cccc(F)c4)c(=O)c23)C1
0.7973191926901465,CC(C)c1sc2nc(SCC(=O)NN)n(-c3cccc(F)c3)c(=O)c2c1-c1ccccc1F
6.716845110796548,NNC(=O)CSc1nc2sc3c(c2c(=O)n1-c1cccc(F)c1)CCNC3
0.5642659711042772,CC(C)c1csc2nc(SCC(=O)NN)n(-c3cccc(F)c3)c(=O)c12
1.3855577816665763,NNC(=O)CSc1nc2ccc(-c3ccccc3)cc2c(=O)n1-c1cccc(F)c1
0.34521239526524616,NNC(=O)CSc1nc2scc(-c3cccc(F)c3)c2c(=O)n1-c1cccc(F)c1
0.31549865928126075,CC1CCCc2sc3nc(SCC(=O)NN)n(-c4cccc(F)c4)c(=O)c3c21
0.8546224436990941,CN1CCc2c(sc3nc(SCC(=O)NN)n(-c4cccc(F)c4)c(=O)c23)C1
0.28254469996153353,COc1ccccc1-c1csc2nc(SCC(=O)NN)n(-c3cccc(F)c3)c(=O)c12
0.15191259144231117,Cc1sc2nc(SCC(=O)NN)n(-c3cccc(F)c3)c(=O)c2c1-c1ccccc1F
8.222746418459897,Cn1c(SCC(=O)NN)nc2scc(-c3ccccc3)c2c1=O
1.5273140976404573,NNC(=O)CSc1nc2scc(-c3ccccc3)c2c(=O)n1-c1ccc(Cl)cc1
0.5423009998155739,CCCN1CCc2c(sc3nc(SCC(=O)NN)n(-c4cccc(F)c4)c(=O)c23)C1
1.3244128712384928,O=C(NC(Cc1c[nH]c2ccc(F)cc12)C(=O)NCC1CC(Br)=NO1)OCc1cnc2ccccc2c1
1.3244128712384928,O=C(NC(Cc1c[nH]c2ccc(F)cc12)C(=O)NCC1CC(Br)=NO1)OCc1cnc2ccccc2c1
1.4493975763130231,CC(C)N1C(=O)C(=CC(=O)c2cccnc2)c2c(Cl)cccc21
2.49166707326087,O=C1Nc2cccc(Cl)c2C1=CC(=O)c1cccc(Cl)c1
1.0385135204129474,O=C1Nc2cccc(Cl)c2C1=CC(=O)c1cncc(Br)c1
2.009717320696674,COc1ccc(C(=O)C=C2C(=O)Nc3cccc(Cl)c32)cc1
2.965156480613799,CN(C)C(=O)N1C(=O)C(=CC(=O)c2cccnc2)c2c(Cl)cccc21
1.2962971870399136,O=C1Nc2cccc(Cl)c2C1=CC(=O)c1cccnc1
3.7213381825777,CN1C(=O)C(=CC(=O)c2cccnc2)c2c(Cl)cccc21
5.63437271825668,O=C1Nc2ccc(Cl)cc2C1=CC(=O)c1cccnc1
1.565297969699939,Nc1cccc(C(=O)C=C2C(=O)Nc3cccc(Cl)c32)c1
6.4981911859145365,Cc1ccc2c(c1)C(=CC(=O)c1cccnc1)C(=O)N2
7.777527479588686,O=C1Nc2ccc([N+](=O)[O-])cc2C1=CC(=O)c1cccnc1
2.5817130337157503,O=C1Nc2c(Br)cccc2C1=CC(=O)c1cccnc1
1.1239980975979411,CC(C)CN1C(=O)C(=CC(=O)c2cccnc2)c2c(Cl)cccc21
0.9802639178102679,COC(=O)c1cccc(CN2C(=O)C(=CC(=O)c3cccnc3)c3c(Cl)cccc32)c1
4.537827395292862,CC(=O)C=C1C(=O)Nc2c(Cl)cccc21
1.6966836249800639,O=C(C=C1C(=O)N(Cc2ccccc2)c2cccc(Cl)c21)c1cccnc1
0.9222484250721229,COc1ccccc1C(=O)C=C1C(=O)Nc2cccc(Cl)c21
2.3826692267566996,CCOC(=O)N1C(=O)C(=CC(=O)c2cccnc2)c2c(Cl)cccc21
6.4370077526186975,O=C(C=C1C(=O)N(CC2CCCCC2)c2cccc(Cl)c21)c1cccnc1
2.0873896872275832,O=C(C=C1C(=O)N(CCc2ccccc2)c2cccc(Cl)c21)c1cccnc1
1.0316666739312286,COc1ccncc1C(=O)C=C1C(=O)Nc2cccc(Cl)c21
0.9202941670124354,O=C1Nc2cccc(Cl)c2C1=CC(=O)c1ccccn1
3.023671966627925,O=C1Nc2c(Cl)cccc2C1=CC(=O)c1cccnc1
1.133571814573529,O=C(C=C1C(=O)N(CCCc2ccccc2)c2cccc(Cl)c21)c1cccnc1
1.4805583437076943,O=C1Nc2cccc(Br)c2C1=CC(=O)c1cccnc1
3.9024340498853856,CC(=O)C=C1C(=O)Nc2ccc(Cl)cc21
2.89485727151801,O=C1Nc2cccc(Cl)c2C1=CC(=O)c1ccccc1
9.925007579453831,O=C1C(=O)N(CN2C(=O)C(=O)c3ccccc32)c2ccccc21
3.6541133544848092,CC(=O)C=C1C(=O)Nc2cc(OC(F)(F)F)ccc21
8.13361041334862,O=C1Nc2ccccc2C1=CC(=O)c1cccnc1
0.7345777796902824,O=C(C=C1C(=O)N(c2ccccc2)c2cccc(Cl)c21)c1cccnc1
2.724279537170172,Nc1ccc(C(=O)C=C2C(=O)Nc3cccc(Cl)c32)cc1
0.8477625428462566,COC(=O)c1ccc(CN2C(=O)C(=CC(=O)c3cccnc3)c3c(Cl)cccc32)cc1
0.6332583222389141,O=C1Nc2cc(Br)ccc2C1=CC(=O)c1cccnc1
0.7947447195004735,O=C1Nc2ccc(Br)cc2C1=CC(=O)c1cccnc1
1.3716104076708941,COc1cccc(C(=O)C=C2C(=O)Nc3cccc(Cl)c32)c1
1.1287670266896122,O=C1Nc2cccc(Cl)c2C1=CC(=O)c1ccncc1
4.070014812417483,CC(=O)C=C1C(=O)Nc2cccc(Cl)c21
2.6423956511170257,O=C1Nc2cccc(Cl)c2C1=CC(=O)c1ccc(Cl)cc1
7.864049949689365,O=C1N=c2ccccc2=C1c1c(O)[nH]c2ccccc12
5.299306021410914,CC(=O)C=C1C(=O)Nc2cc(F)ccc21
9.818605114397515,CC(=O)C=C1C(=O)Nc2ccccc21
5.400437731609274,O=C1Nc2ccc(Oc3ccc4c(c3)C(=O)C(=O)N4)cc2C1=O
2.083714768634856,C=C(F)C(=O)Nc1ccc(S(=O)(=O)N2CCN(C(=O)OC(C)(C)C)CC2)cc1
1.555210704005271,C=CC(=O)Nc1ccc(S(=O)(=O)N(C)CCN(C)C(=O)OCc2ccccc2)cc1
0.31676802574759,C=CC(=O)Nc1ccc(S(=O)(=O)N2CCN(CCCCc3ccccc3)CC2)cc1
0.3356034798609342,C=CC(=O)Nc1ccc(S(=O)(=O)N2CCN(C(=O)OCc3ccccc3Oc3ccccc3)CC2)cc1
0.822042216023072,C=CC(=O)Nc1ncc(S(=O)(=O)N2CCN(C(=O)OCc3ccccc3)CC2)cn1
0.47777030955797306,C=CC(=O)Nc1ccc(S(=O)(=O)N2CC3CC2CN3C(=O)OC(C)(C)C)cc1
0.25204248876892743,C=CC(=O)Nc1ccc(S(=O)(=O)N2CCN(C(=O)OCc3ccc(F)cc3)CC2)cc1
0.632083099520721,C=CC(=O)Nc1ccc(S(=O)(=O)N2CCCN(C(=O)OCc3ccccc3)CC2)cc1
1.0359579328754682,C=CC(=O)Nc1ccc(S(=O)(=O)N2CCN(C(=O)OCC)CC2)cc1
0.585609641524792,C=CC(=O)Nc1ccc(S(=O)(=O)N2CCN(c3ccc(C(F)(F)F)cn3)CC2)cc1
0.5824208174914787,C=CC(=O)Nc1ccc(S(=O)(=O)N2CCN(C(=O)C34CC5CC(CC(C5)C3)C4)CC2)cc1
0.8781347534323374,C=CC(=O)Nc1ccc(S(=O)(=O)N2CCN(C(=O)N3CCC(F)(F)CC3)CC2)cc1
0.15264121768997252,C=CC(=O)Nc1ccc(S(=O)(=O)N2CCN(C(=O)N3CCCCC3)CC2)cc1
2.611255868319966,C=CC(=O)Nc1ccc(S(=O)(=O)N2CCN(C(=O)OCc3cc(F)cc(F)c3)CC2)cc1
1.6565406881676483,C=CC(=O)Nc1ccc(S(=O)(=O)N2CCN(C(=O)OCc3cccc(F)c3F)CC2)cc1
1.705609840710317,C=CC(=O)Nc1ccc(S(=O)(=O)N2CCN(C(=O)OC(C)(C)C)CC2)cc1
-0.010257179239049119,C=CC(=O)Nc1ccc(S(=O)(=O)N2CCN(C(=O)OCc3ccc(Oc4ccccc4)cc3)CC2)cc1
0.4457310529229932,C=CC(=O)Nc1cccc(S(=O)(=O)N2CCN(C(=O)OCc3ccccc3)CC2)c1
0.15657486602616322,C=CC(=O)Nc1ccc(S(=O)(=O)N2CCN(C(=O)N3CCCC3)CC2)cc1
-0.015678086697823224,C=CC(=O)Nc1ccc(S(=O)(=O)N2CCN(c3ncccc3C)CC2)cc1
0.34485770412516414,C=CC(=O)Nc1ccc(S(=O)(=O)N2CCN(C(=O)OC)CC2)cc1
2.126065956810694,C=CC(=O)Nc1ccc(S(C)(=O)=O)cc1
3.356081952446787,CC(C)(C)OC(=O)N1CCN(S(=O)(=O)c2ccc(NC(=O)C=CCl)cc2)CC1
0.20070679939664493,C=CC(=O)Nc1ccc(S(=O)(=O)N2CCN(C(=O)C3CC3)CC2)cc1
-0.018290341389965548,C=CC(=O)Nc1ccc(S(=O)(=O)N2CCN(C(=O)OCc3ccccc3)CC2)cn1
0.5642723307125059,C=CC(=O)Nc1ccc(S(=O)(=O)N2CCC(NC(=O)OCc3ccccc3)C2)cc1
0.07118387662211068,C=CC(=O)Nc1ccc(S(=O)(=O)N2CCN(C(=O)C3CCCC3)CC2)cc1
0.03350278811953156,C=CC(=O)Nc1ccc(S(=O)(=O)N2CC3CN(C(=O)OCc4ccccc4)CC3C2)cc1
0.47140517971343776,C=CC(=O)Nc1ccc(S(=O)(=O)N2CCC(CNC(=O)OCc3ccccc3)CC2)cc1
0.21935823038036428,C=CC(=O)Nc1ccc(S(=O)(=O)N2CCN(c3ccccc3C(F)(F)F)CC2)cc1
0.05217684725865479,C=CC(=O)Nc1ncc(S(=O)(=O)N2CCN(C(=O)OC(C)(C)C)CC2)cn1
2.873220476001439,Cc1cnn(C(=O)c2ccc(Br)s2)c1
5.611480025804184,NCc1ccc(CNC(=O)c2cccc(-c3noc(CN(Cc4ccccn4)S(=O)(=O)C=Cc4ccccc4)n3)c2)cc1
0.5741887028599089,C=CC(=O)Nc1ccc(S(=O)(=O)N2CCC(NC(=O)OCc3ccccc3)CC2)cc1
4.234662142142559,C=CC(=O)N(C)c1ccc(S(=O)(=O)N2CCN(C(=O)OC(C)(C)C)CC2)cc1
0.20509191368803514,C=CC(=O)Nc1ccc(S(=O)(=O)N2CCN(C(=O)OCc3ccccc3)CC2)c(C(F)(F)F)c1
0.0831856123189525,C=CC(=O)Nc1ccc(S(=O)(=O)N2CCN(c3cccc(C)n3)CC2)cc1
0.33628209558367317,C=CC(=O)Nc1ccc(S(=O)(=O)NCC2CCN(C(=O)OCc3ccccc3)CC2)cc1
2.9611589003437375,C=CC(=O)Nc1cccc(Br)c1
0.030649343352391334,C=CC(=O)Nc1ccc(S(=O)(=O)N2CCN(C(=O)N3CCC4CCCCC4C3)CC2)cc1
3.356081952446787,CC(C)(C)OC(=O)N1CCN(S(=O)(=O)c2ccc(NC(=O)C=CCl)cc2)CC1
0.06412614259487048,C=CC(=O)Nc1ccc(S(=O)(=O)N2CCN(c3ncccc3C(F)(F)F)CC2)cc1
1.4905813039295297,C=CC(=O)Nc1ccc(S(=O)(=O)N2CCN(C(=O)OC(C)(C)C)CC2)c(C)c1
0.3767771615443971,C=CC(=O)Nc1ccc(S(=O)(=O)N2CCN(C(=O)OC(C)(C)C)CC2)c(F)c1
0.3333786789210813,CC(=O)N1CCCC1C(=O)NC(CCC(=O)C=[N+]=[N-])C(=O)NC(CC(C)C)C(=O)N1CCCC1C(=O)NC(Cc1ccccc1)C(N)=O
0.24837026723546995,C=CC(=O)Nc1ccc(S(=O)(=O)N2CCN(C(=O)OC3CCCC3)CC2)cc1
0.5458988768924549,C=CC(=O)Nc1ccc(S(=O)(=O)NC2CCN(C(=O)OCc3ccccc3)C2)cc1
0.8632675281624489,C=CC(=O)Nc1ccc([N+](=O)[O-])cc1
0.5163503979384849,C=CC(=O)Nc1ccc(S(=O)(=O)NC2CCN(C(=O)OCc3ccccc3)CC2)cc1
-0.073701766890103,C=CC(=O)Nc1ccc(S(=O)(=O)N2CCN(C(=O)OCc3cccc(Oc4ccccc4)c3)CC2)cc1
0.2009681439983637,C=CC(=O)Nc1ccc(S(=O)(=O)N2CCN(C(=O)CCc3ccccc3)CC2)cc1
2.3884020990862984,C=CC(=O)Nc1ccc(S(=O)(=O)N2CCN(C(=O)OC(C)(C)C)CC2)c(OC)c1
0.2045756629217661,C=CC(=O)Nc1ccc(S(=O)(=O)N2CCN(c3ccccc3)CC2)cc1
0.5458988768924549,C=CC(=O)Nc1ccc(S(=O)(=O)NC2CCN(C(=O)OCc3ccccc3)C2)cc1
0.0775235609071041,C=CC(=O)Nc1ccc(S(=O)(=O)N2CCN(C(=O)N3CCCC4CCCCC43)CC2)cc1
0.4623087110936308,C=CC(=O)Nc1ccc(S(=O)(=O)N2CCN(C(=O)OCc3ccccc3)CC2)cc1
2.7486497865491453,C=CC(=O)N1CCN(S(=O)(=O)c2ccc(NC(=O)OCc3ccccc3)cc2)CC1
0.1171908829826942,C=CC(=O)Nc1ccc(S(=O)(=O)N2CCN(C(=O)C3CC3c3ccccc3)CC2)cc1
0.15421820960231436,C=CC(=O)Nc1ncc(S(=O)(=O)N2CCN(C(=O)C34CC5CC(CC(C5)C3)C4)CC2)cn1
0.017931302697813623,C=CC(=O)Nc1ccc(S(=O)(=O)N2CCN(c3ccccn3)CC2)cc1
0.15487142615265737,C=CC(=O)Nc1ccc(S(=O)(=O)N2CCN(C(=O)C3CC3)CC2)cn1
-0.05685337038388161,C=CC(=O)Nc1ccc(S(=O)(=O)N2CCN(C(=O)C34CC5CC(CC(C5)C3)C4)CC2)cn1
1.782285421523598,C=CC(=O)Nc1ccc(S(=O)(=O)N2CCCC2)cc1
0.030946684353647225,C=CC(=O)Nc1ccc(S(=O)(=O)N2CCN(C(=O)OCc3ccccc3C(F)(F)F)CC2)cc1
0.2011399097991371,C=CC(=O)Nc1ccc(S(=O)(=O)N2CCN(C(=O)OCc3cccc4ccccc34)CC2)cc1
0.017822446996419217,CCn1nc(-c2ccc(OC)cc2)nc2c(=O)n(C)c(=O)nc1-2
1.5282404051543739,CC#CC(=O)Nc1ccc(S(=O)(=O)N2CCN(C(=O)OC(C)(C)C)CC2)cc1
0.1797531604778504,C=CC(=O)Nc1ccc(S(=O)(=O)N2CCN(C(=O)OC(C)(C)C)CC2)cn1
3.727887476489408,C=CC(=O)Nc1ccc(C(F)(F)F)cc1
0.5642723307125059,C=CC(=O)Nc1ccc(S(=O)(=O)N2CCC(NC(=O)OCc3ccccc3)C2)cc1
2.8314163978306746,CC=CC(=O)Nc1ccc(S(=O)(=O)N2CCN(C(=O)OC(C)(C)C)CC2)cc1
0.7134656391073473,C=CC(=O)Nc1ccc(S(=O)(=O)N2CCN(C(=O)OCc3ccccc3C)CC2)cc1
0.42988348643224294,C=CC(=O)Nc1ccc(S(=O)(=O)N2CCN(C(=O)OC(C)(C)C)CC2)c(Cl)c1
1.0983753094561015,C=CC(=O)Nc1ccc(S(=O)(=O)N2CCN(C(=O)OCc3ccccc3Cl)CC2)cc1
1.1752139002970003,C=CC(=O)Nc1ccc(S(=O)(=O)N2CCNCC2)cc1
0.33321264679130014,C=CC(=O)Nc1ccc(S(=O)(=O)N2CCN(CCCc3ccccc3)CC2)cc1
2.8314163978306746,CC=CC(=O)Nc1ccc(S(=O)(=O)N2CCN(C(=O)OC(C)(C)C)CC2)cc1
3.8458430663771686,[N-]=[N+]=CC(=O)CCc1ccc(S(=O)(=O)N2CCN(C(=O)OCc3ccccc3)CC2)cc1
2.8681962179138942,C=CC(=O)Nc1ccc(Br)cc1
0.20885283653545406,C=CC(=O)Nc1ccc(S(=O)(=O)N2CCN(C(=O)OCc3ccc4ccccc4c3)CC2)cc1
0.49683650866666285,C=CC(=O)NC1CCN(S(=O)(=O)c2ccc(C(=O)NCCc3ccc(C(F)(F)F)cc3)cc2)CC1
0.5375750408094655,C=CC(=O)NC1CCN(S(=O)(=O)c2ccc(C(=O)NC3CC3c3ccccc3)cc2)CC1
0.08123900418825114,C=CC(=O)NC1CCN(S(=O)(=O)c2ccc(C(=O)NCc3cccc4ccccc34)cc2)CC1
0.3712780683348078,C=CC(=O)NC1CCN(S(=O)(=O)c2ccc(C(=O)NC3CCCc4ccccc43)cc2)CC1
0.6030992871528185,C=CC(=O)NC1CCN(S(=O)(=O)c2ccc(C(=O)N(C)Cc3ccccc3)cc2)CC1
0.11262154442806915,C=CC(=O)NC1CCN(S(=O)(=O)c2ccc(C(=O)NCCC3CCOCC3)cc2)CC1
0.569578167812125,C=CC(=O)NC1CCN(S(=O)(=O)c2ccc(C(=O)NCCc3ccccc3)cc2)CC1
0.47903562761304164,C=CC(=O)NC1CCN(S(=O)(=O)c2ccc(C(=O)NCCC3CCCCC3)cc2)CC1
0.11170171131333739,C=CC(=O)NC1CCN(S(=O)(=O)c2ccc(C(=O)NCCc3ccccc3OC)cc2)CC1
3.0416172070365226,C=CC(=O)NCCN(C)S(=O)(=O)c1ccc(NC(=O)OCc2ccccc2)cc1
0.4150375127311803,C=CC(=O)NC1CCN(S(=O)(=O)c2ccc(C(=O)N3CCc4ccccc4C3)cc2)CC1
0.4356646029443796,C=CC(=O)NC1CCN(S(=O)(=O)c2ccc(C(=O)NCc3ccccc3)cc2)CC1
0.20425965462771667,C=CC(=O)NC1CCN(S(=O)(=O)c2ccc(C(=O)NCCc3ccc(Cl)cc3)cc2)CC1
0.13798343376045885,C=CC(=O)NC1CCN(S(=O)(=O)c2ccc(C(=O)NCCc3ccc(OC)cc3)cc2)CC1
0.20098020190252242,C=CC(=O)NC1CCN(S(=O)(=O)c2ccc(C(=O)NCCc3cccc4c3OCC4)cc2)CC1
0.47699974827083325,C=CC(=O)NC1CCN(S(=O)(=O)c2ccc(C(=O)NCCN3CCOCC3)cc2)CC1
0.7283879300498679,C=CC(=O)NC1CCN(S(=O)(=O)c2ccc(C(=O)NCCC34CC5CC(CC(C5)C3)C4)cc2)CC1
4.574849332940318,C=CC(=O)NCC1CCN(S(=O)(=O)c2ccc(NC(=O)OCc3ccccc3)cc2)CC1
0.30659194963945824,C=CC(=O)NC1CCN(S(=O)(=O)c2ccc(C(=O)NCCc3ccc(C)c(C)c3)cc2)CC1
0.42593058286382135,C=CC(=O)NC1CCN(S(=O)(=O)c2ccc(C(=O)NC3Cc4ccccc4C3)cc2)CC1
1.5563406191963636,C=CC(=O)NC1CN(S(=O)(=O)c2ccc(NC(=O)OCc3ccccc3)cc2)C1
3.4217237500964917,C=CC(=O)NC1CCN(S(=O)(=O)c2ccc(NC(=O)OCc3ccccc3)cc2)CC1
8.41506275386508,C=CC(=O)NC1CCN(C(=O)c2ccc(NC(=O)OCc3ccccc3)cc2)CC1
0.33503263937584826,C=CC(=O)NC1CCN(S(=O)(=O)c2ccc(C(=O)NCCc3cccc4c3OCO4)cc2)CC1
0.4834763598316787,C=CC(=O)NC1CCN(S(=O)(=O)c2ccc(C(=O)NCCCc3ccccc3)cc2)CC1
0.34016706559473375,C=CC(=O)NC1CCN(S(=O)(=O)c2ccc(C(=O)NCCc3ccc4ccccc4c3)cc2)CC1
1.6992458675140565,C=CC(=O)NC1CCN(Cc2ccc(NC(=O)OCc3ccccc3)cc2)CC1
0.2963776744557354,C=CC(=O)NC1CCN(S(=O)(=O)c2ccc(C(=O)NCCc3cccc(Cl)c3)cc2)CC1
0.3638262553631533,C=CC(=O)NC1CCN(S(=O)(=O)c2ccc(C(=O)NCCc3ccc4cccnc4c3)cc2)CC1
0.5239551444972066,C=CC(=O)NC1CCN(S(=O)(=O)c2ccc(C(=O)NCCc3ccc(OC)c(OC)c3)cc2)CC1
0.5134868568388962,C=CC(=O)NC1CCN(S(=O)(=O)c2ccc(C(=O)N(C)CCc3ccccc3)cc2)CC1
0.7415283913201167,C=CC(=O)NCCCCC(NC(=O)c1ccc2ccccc2c1)C(=O)N1CCN(c2cccc(C)n2)CC1
5.835697975341525,C=CC(=O)NCCCCC(NC(=O)OCc1ccc(CCCC)cc1)C(=O)O
9.903724054712752,C=CC(=O)NCCCCC(NC(=O)OCc1c(F)cccc1F)C(=O)O
0.7407685973729361,C=CC(=O)NCCCCC(NC(=O)OCc1ccccc1)C(=O)N1CCCCCC1
3.0134661034057593,C=CC(=O)NCCCCCNC(=O)OCc1ccccc1
1.7286889678222686,C=CC(=O)NCCC1CC(C(=O)N2CCN(c3cccc(C)n3)CC2)N(C(=O)OC(C)(C)C)C1
0.027010208345829678,C=CC(=O)NCCCCC(NC(=O)OCc1ccccc1)C(=O)N1CCN(c2ccccn2)CC1
3.395992917426616,C=CC(=O)NCCCCC(CO)NC(=O)OCc1ccccc1
0.19182194539525899,C=CC(=O)NCCCCC(NC(=O)OCc1ccccc1)C(=O)N1CCN(c2ccc(C(F)(F)F)cn2)CC1
5.623499615856133,C=CC(=O)NCCCCC(NC(=O)OCc1ccc(F)cc1)C(=O)O
1.0863733960909463,C=CC(=O)NCCCCC(NC(=O)OCc1ccccc1)C(=O)N(CC)CC
1.161215642583933,C=CC(=O)NCCCCC(NC(=O)OCc1ccccc1)C(=O)N1CCN(C)CC1
0.832435655677436,C=CC(=O)NCCCCC(NC(=O)OCc1ccccc1)C(=O)N1CCC(F)(F)CC1
0.9581776467194886,C=CC(=O)NCCCCC(NC(=O)OCc1ccccc1)C(=O)N1CCCCC1
-0.02928461141835892,C=CC(=O)NCCCCC(NC(=O)OCc1ccccc1)C(=O)N1CCN(c2cccc(C)n2)CC1
0.3048889087566937,C=CC(=O)NCCCCC(NC(=O)OCc1ccccc1)C(=O)N1CCN(c2ncccc2C(F)(F)F)CC1
0.9622617032030573,C=CC(=O)NCCCCC(NC(=O)OCc1ccccc1)C(=O)N1CCCC1
0.5494473416764709,C=CC(=O)NCCCCC(NC(=O)OCc1ccccc1)C(=O)N1CCN(c2cc(Cl)ccc2OC)CC1
9.768690894801003,C=CC(=O)NCCCCC(NC(=O)OCc1cccc(C(F)(F)F)c1)C(=O)O
0.7954938261137801,C=CC(=O)NCCCCC(NC(=O)OCc1ccccc1)C(=O)N1CCOCC1
0.27369339622291666,C=CC(=O)NCCCCC(NC(=O)OCc1ccccc1)C(=O)N1CCN(c2ccc3ccccc3c2)CC1
0.006860927550369045,C=CC(=O)NCCCCC(NC(=O)OCc1ccccc1)C(=O)N1CCN(c2ncccc2C)CC1
2.025201643221678,C=CC(=O)NCCCCC(NC(=O)OCc1ccccc1)C(=O)N1CCC1
0.13962866054664458,C=CC(=O)NCCCCC(NC(=O)OCc1ccccc1)C(=O)N1CCC(c2ccccc2)CC1
0.49342255766861176,C=CC(=O)NCCCCC(NC(=O)OCc1ccccc1)C(=O)N1Cc2ccccc2C1
0.18407085677420087,C=CC(=O)NCCCCC(NC(=O)Cc1ccccc1)C(=O)N1CCN(c2cccc(C)n2)CC1
3.0606362213895455,C=CC(=O)NCCCCC(NC(=O)OCc1ccccc1)C(=O)NCC(=O)OC(C)(C)C
0.3187227341080754,C=CC(=O)NCCCCC(NC(C)=O)C(=O)N1CCN(c2cccc(C)n2)CC1
4.301455196851821,C=CC(=O)NCCCCC(NC(=O)OCc1ccc2ccccc2c1)C(=O)O
0.20558889061002072,C=CC(=O)NCCCCC(NC(=O)OCc1ccccc1)C(=O)N1CCN(c2ccccc2Cl)CC1
1.9394704177748914,C=CC(=O)NCCCCC(NC(=O)OCc1ccccc1Cl)C(=O)O
1.1356445559287982,C=CC(=O)NCCCCC(NC(=O)OCc1ccccc1)C(=O)N(C)C
0.466957478846016,C=CC(=O)NCCCCC(NC(=O)c1ccccc1)C(=O)N1CCN(c2cccc(C)n2)CC1
1.026631275457297,C=CC(=O)NCCCCC(NC(=O)OC(C)(C)C)C(=O)N1CCN(c2cccc(C)n2)CC1
3.706678145536637,C=CC(=O)NCCCCC(NC(=O)OCc1ccccc1C(F)(F)F)C(=O)O
2.853362390391011,C=CC(=O)NCCCCC(NC(=O)OCc1ccccc1)C(=O)O
3.7198393229931748,Cc1c(C)[n+](C)c(SCC(=O)CCC(NC(=O)CNC(=O)OCc2ccccc2)C(=O)O)n1C.[Br-]
3.0898640034898754,Cc1c(C)[n+](C)c(SCC(=O)CCC(NC(=O)C(Cc2ccccc2)NC(=O)OCc2ccccc2)C(=O)O)n1C.[Br-]
7.877680987827169,C[S+](C)CC(=O)CCC(NC(=O)CNC(=O)OCc1ccccc1)C(=O)O.[Br-]
5.168395142122321,C[S+](C)CC(=O)CCC(NC(=O)C(Cc1ccccc1)NC(=O)OCc1ccccc1)C(=O)O.[Br-]
4.839201769318896,CCCc1c(CCC)[n+](C)c(SCC(=O)CCC(NC(=O)C(Cc2ccccc2)NC(=O)OCc2ccccc2)C(=O)O)n1C.[Br-]
4.313965126425854,CCCc1c(CCC)[n+](C)c(SCC(=O)CCC(NC(=O)CNC(=O)OCc2ccccc2)C(=O)O)n1C.[Br-]
-0.11537863415569216,CCOC(=O)C=CCCC(NC(=O)OCc1ccccc1)C(=O)NC(CCC(N)=O)C(=O)N1CCCC1C(=O)NC(CC(C)C)C(=O)OC
0.09088404128836736,CCOC(=O)C=CCCC(NC(=O)OCc1ccccc1)C(=O)NC(C(=O)N1CCCC1C(=O)NC(CC(C)C)C(=O)OC)C(C)C
0.203984347753023,COC(=O)C(CC(C)C)NC(=O)C1CCCN1C(=O)C(CCC(N)=O)NC(=O)C(CCC=CS(C)(=O)=O)NC(=O)OCc1ccccc1
0.1265599012548566,NC(=O)C1OC1C(=O)Nc1ccc(Oc2ccc(N)cc2)cc1
0.9572458113882003,NC(=O)C1OC1C(=O)Nc1ccccc1
0.05294261141412426,NC(=O)C1OC1C(=O)Nc1ccc(Br)c(Cl)c1
0.25185429578737617,CCCCc1ccc(NC(=O)C2OC2C(N)=O)cc1
0.21241193938294667,NC(=O)C1OC1C(=O)Nc1ccc(Oc2ccc(NC(=O)c3ccc(F)cc3)cc2)cc1
-0.03424420894373936,NC(=O)C1OC1C(=O)Nc1ccc(Br)cc1
0.2010026269109586,Cc1ccc(NC(=O)C2OC2C(N)=O)cc1C
0.13530970751563354,NC(=O)C1OC1C(=O)Nc1ccc(CCNS(=O)(=O)c2ccccc2[N+](=O)[O-])cc1
0.6202146484889235,NC(=O)C1OC1C(=O)Nc1cccc(Oc2ccccc2)c1
0.6125117253629773,NC(=O)C1OC1C(=O)Nc1ccc(Oc2ccccc2)cc1
0.1523126534133159,NC(=O)C1OC1C(=O)Nc1cccc(Cl)c1
1.1826633990018358,C=CC(=O)NCCCCC(NC(=O)Cc1ccccc1)C(=O)N1CCN(c2cccc(F)n2)CC1
5.16913707098421,C=CC(=O)NCCCCC(NC(=O)Cc1cccs1)C(=O)N1CCN(c2cccc(C)n2)CC1
7.566782903373782,C=CC(=O)NCCCCC(NC(=O)Cc1ccccc1)C(=O)N1CCN(C(=O)c2ccc([N+](=O)[O-])cc2)CC1
2.4295435408092763,C=CC(=O)NCCCCC(NC(=O)Cc1ccccc1)C(=O)N1CCN(c2ccncc2)CC1
2.61176501569617,C=CC(=O)NCCCCC(NC(=O)Cc1ccccc1)C(=O)N1CCN(c2ccc(C(=O)OC)nc2)CC1
7.830881391153438,C=CC(=O)NCCCCC(NC(=O)Nc1ccccc1)C(=O)N1CCN(c2ccc([N+](=O)[O-])nc2)CC1
2.6943976705284847,C=CC(=O)NCCCCC(NC(=O)Cc1ccccc1)C(=O)N1CCN(c2ccc([N+](=O)[O-])cc2)CC1
4.057645411070465,C=CC(=O)NCCCCC(NC(=O)Cc1ccccc1F)C(=O)N1CCN(c2cccc(C)n2)CC1
7.379535391083161,C=CC(=O)NCCCCC(NC(=O)Cc1ccccc1)C(=O)N1CCN(Cc2ccc(F)cc2)CC1
6.5505531726501625,C=CC(=O)NCCCCC(NC(=O)Cc1ccccc1)C(=O)N1CCN(c2ccc(C(F)(F)F)nc2)CC1
4.832195072433024,C=CC(=O)NCCCCC(NC(=O)Cc1ccc(F)cc1)C(=O)N1CCN(c2ccc([N+](=O)[O-])nc2)CC1
0.6282855034337644,C=CC(=O)NCCCCC(NC(=O)Cc1ccccc1)C(=O)N1CCN(c2ccc([N+](=O)[O-])nc2)CC1
0.19145500424776674,C=CC(=O)NCCCCC(NC(=O)Cc1ccccc1)C(=O)N1CCN(c2cccc(C(C)(C)C)n2)CC1
0.39307774738698487,C=CC(=O)NCCCCC(NC(=O)Cc1ccccc1)C(=O)N1CCN(c2ccccn2)CC1
0.24099930118462343,C=CC(=O)NCCCCC(NC(=O)Cc1ccccc1)C(=O)N1CCN(c2cccc(I)n2)CC1
0.44557273777288775,C=CC(=O)NCCCCC(NC(=O)Cc1ccccc1)C(=O)N1CCN(c2cccc(OCCF)n2)CC1
6.79575302378179,CCN(CC)c1ccc2c(-c3ccccc3C(=O)N3CCC(C(=O)NCCCCCN)CC3)c3ccc(=[N+](CC)CC)cc-3oc2c1.O=C(O)C(F)(F)F.O=C([O-])C(F)(F)F
7.3371610630273745,C=CC(=O)NCCCCC(NC(=O)Cc1ccccc1)C(=O)N1CCN(c2cccc(C)c2)CC1
2.231658716833643,C=CC(=O)NCCCCC(NC(=O)Cc1ccccc1)C(=O)N1CCN(c2cccnc2)CC1
3.0018320154014524,C=CC(=O)NCCCCC(NC(=O)Cc1ccccc1)C(=O)N1CCN(c2ccc(C(N)=O)nc2)CC1
2.220710890067318,C=CC(=O)NCCCCC(NC(=O)Cc1ccccc1F)C(=O)N1CCN(c2cccc([N+](=O)[O-])n2)CC1
1.2766740407494641,C=CC(=O)NCCCCC(NC(=O)Cc1ccccc1)C(=O)N1CCN(c2cccc(-c3ccccc3)n2)CC1
0.9456249745806217,C=CC(=O)NCCCCC(NC(=O)Cc1ccccc1)C(=O)N1CCN(c2cccc(Cl)n2)CC1
0.22751921633280103,C=CC(=O)NCCCCC(NC(=O)Cc1ccccc1)C(=O)N1CCN(c2cccc(Br)n2)CC1
5.558767991657301,C=CC(=O)NCCCCC(NC(=O)OCc1ccccc1)C(=O)N1CCN(S(=O)(=O)c2ccc3ccccc3c2)CC1
6.3405672554837835,C=CC(=O)NCCCCC(NC(=O)OCc1ccccc1)C(=O)N1CCN(S(C)(=O)=O)CC1
8.878128174636545,C=CC(=O)NCCCCC(NC(=O)OCc1ccccc1)C(=O)N1CCN(S(=O)(=O)C(C)C)CC1
8.644365992303062,C=CC(=O)NCCCCC(NC(=O)OCc1ccccc1)C(=O)N1CCN(S(=O)(=O)c2ccccc2)CC1
0.10348099823251844,CCC(CC)CNC(=O)Cn1cccc(NC(=O)C(CCC=CC(=O)OC)NC(=O)c2cncn2C)c1=O
0.11030105073342233,C=CC(=O)NCC(=O)N1CCN(S(=O)(=O)c2cccc3c(N(C)C)cccc23)CC1
2.4144368985207043,O=C(C#Cc1ccc([N+](=O)[O-])cc1)n1nnc2ccccc21
1.5221872744335474,O=C(C#Cc1ccc([N+](=O)[O-])cc1)c1cn(Cc2ccc([N+](=O)[O-])cc2)nn1
0.7389776555125804,O=C(C#Cc1ccc([N+](=O)[O-])cc1)c1cn(Cc2ccccc2)nn1
0.9888106477038761,O=C(C=Cc1ccc([N+](=O)[O-])cc1)c1cn(Cc2ccc([N+](=O)[O-])cc2)nn1
1.5194290234202925,O=C(c1cn(Cc2ccc([N+](=O)[O-])cc2)nn1)c1cn(Cc2ccc([N+](=O)[O-])cc2)nn1
4.0624344339870495,O=C(C=Cc1cccc([N+](=O)[O-])c1)c1cccnc1
1.888647256722593,CC1(C)CCC2=C(O1)c1ccccc1C(=O)C2=O
0.07201062269697345,C=c1[nH]c2ccc(I)cc2c1=Cc1cc(Br)c(O)c(Br)c1
2.2817625777863375,CC1=CC(=O)c2ccccc2C1=O
2.833783892171933,CN(N=O)c1ccc(O)c(O)c1
2.451682414783907,O=C1C(SCCO)=C(SCCO)C(=O)c2ccccc21
2.6358055791146855,N#CC(=Cc1ccc(O)c(O)c1)C(N)=S
0.7675735274289928,C=CS(=O)(=O)NCC(=O)N1CCN(C(=O)C23CC4CC(CC(C4)C2)C3)CC1
1.7726831282239572,CC[S+](CC)CC(=O)NCC(=O)N1CCN(C(=O)OCc2ccccc2)CC1
-0.0848259894040011,O=C(CBr)NCC(=O)N1CCN(C(=O)OCc2ccc3ccccc3c2)CC1
2.5136025205752714,COC(=O)c1ccc2cc(COC(=O)N3CCN(C(=O)CNC(=O)C[S+](C)C)CC3)ccc2c1
0.9531117503421072,C=CC(=O)NCC(=O)N1CCN(C(=O)OCCC23CC4CC(CC(C4)C2)C3)CC1
0.15942982765752478,COC(=O)c1ccc(COC(=O)N2CCN(C(=O)CNC(=O)CBr)CC2)cc1
1.1377050027670346,C[S+](C)CC(=O)NCC(=O)N1CCN(C(=O)OCc2ccc3ccccc3c2)CC1
0.07973074041313444,COC(=O)c1ccc2cc(COC(=O)N3CCN(C(=O)CNC(=O)CBr)CC3)ccc2c1
2.204844482343923,C[S+](C)CC(=O)NCC(=O)N1CCN(C(=O)OCC23CC4CC(CC(C4)C2)C3)CC1
0.9053741912667166,C=CC(=O)NCC(=O)N1CCN(C(=O)OCC23CC4CC(CC(C4)C2)C3)CC1
5.5591927390810465,C=CC(=O)NCC(=O)N1CCN(C(=O)OCc2ccccc2)CC1
1.383781977720081,O=C(CCl)NCC(=O)N1CCN(C(=O)C23CC4CC(CC(C4)C2)C3)CC1
-0.10537184905077313,O=C(CBr)NCC(=O)N1CCN(C(=O)C23CC4CC(CC(C4)C2)C3)CC1
3.1576038079497994,COC(=O)c1ccc(COC(=O)N2CCN(C(=O)CNC(=O)C[S+](C)C)CC2)cc1
0.38999100086182903,C[S+](C)CC(=O)NCC(=O)N1CCN(C(=O)OC(C)(C)C)CC1
2.2001294746928193,COC(=O)c1ccc2cc(COC(=O)N3CCN(C(=O)CNC(=O)CCl)CC3)ccc2c1
0.18129744206202436,C=CC(=O)NCC(=O)N1CCN(C(=O)C23CC4CC(CC(C4)C2)C3)CC1
1.9228967926213665,C=CC(=O)NCC(=O)N1CCN(C(=O)OCc2ccc3cc(C(=O)OC)ccc3c2)CC1
2.97802932895783,C[S+](C)CC(=O)NCC(=O)N1CCN(C(=O)OCCC23CC4CC(CC(C4)C2)C3)CC1
2.4246281907128386,C=CC(=O)NCC(=O)N1CCN(C(=O)OCc2ccc(C(=O)OC)cc2)CC1
1.708556717374957,C[S+](C)CC(=O)NCC(=O)N1CCN(C(=O)OCc2ccccc2)CC1
0.08840596469323936,O=C(CBr)NCC(=O)N1CCN(C(=O)OCC23CC4CC(CC(C4)C2)C3)CC1
0.7847166670892822,C=CC(=O)NCC(=O)N1CCN(C(=O)OCc2ccc3ccccc3c2)CC1
0.9982264589148738,C[S+](C)CC(=O)NCC(=O)N1CCN(C(=O)C23CC4CC(CC(C4)C2)C3)CC1
1.83961243926836,C=CS(=O)(=O)NCC(=O)N1CCN(C(=O)OCc2ccccc2)CC1
0.486953670274175,O=C(C1CC1)N1CCN(C(=O)n2sc3ncccc3c2=O)CC1
0.45435553147526986,CN1CCN(C2CCN(C(=O)n3sc4c(ccc[n+]4[O-])c3=O)CC2)CC1
1.1549641179817858,CC1CN(C(=O)n2sc3c(ccc[n+]3[O-])c2=O)CC(C)O1
0.16866180110472628,CC(C)C(=O)N1CCN(C(=O)n2sc3c(ccc[n+]3[O-])c2=O)CC1
4.039284306384015,O=C(N1CCC2(CCCN2)CC1)n1sc2c(ccc[n+]2[O-])c1=O
0.40531011067581013,O=C(N1CCOCC1)n1sc2c(ccc[n+]2[O-])c1=O
0.6849706334329952,CCS(=O)(=O)N1CCN(C(=O)n2sc3c(ccc[n+]3[O-])c2=O)CC1
0.11903875038545464,O=C(c1ccccn1)N1CCN(C(=O)n2sc3c(ccc[n+]3[O-])c2=O)CC1
0.7431137120076319,CCCC(=O)C1CCN(C(=O)n2sc3c(ccc[n+]3[O-])c2=O)CC1
1.5588622785019768,NC(=O)N1CCN(C(=O)n2sc3c(ccc[n+]3[O-])c2=O)CC1
2.9051594993057517,O=C1NCCN1C1CCN(C(=O)n2sc3c(ccc[n+]3[O-])c2=O)CC1
1.5690640715016497,CCNCC(=O)N1CCN(C(=O)n2sc3c(ccc[n+]3[O-])c2=O)CC1
0.43441631731194286,CCS(=O)(=O)N1CCN(C(=O)n2sc3ncccc3c2=O)CC1
0.12310977284896385,COc1ccc(C(=O)N2CCN(C(=O)n3sc4ncccc4c3=O)CC2)cc1OC
1.7875431440007383,O=C(N1CCC(O)CC1)n1sc2c(ccc[n+]2[O-])c1=O
0.12844322013434684,O=C(CCOc1ccccc1)N1CCN(C(=O)n2sc3ncccc3c2=O)CC1
0.04665929767780952,COc1ccc(C(=O)N2CCN(C(=O)n3sc4c(ccc[n+]4[O-])c3=O)CC2)cc1OC
1.0842849369812728,O=C1CCC(C(=O)N2CCN(C(=O)n3sc4c(ccc[n+]4[O-])c3=O)CC2)N1
2.1758680139458058,O=C(C1CCCN1)N1CCN(C(=O)n2sc3c(ccc[n+]3[O-])c2=O)CC1
0.18248978878712352,O=C(N1CCN(c2ccc(N3CCCC3)nn2)CC1)n1sc2c(ccc[n+]2[O-])c1=O
0.362280300458109,O=C(CCOc1ccccc1)N1CCN(C(=O)n2sc3c(ccc[n+]3[O-])c2=O)CC1
2.363961648463126,NS(=O)(=O)N1CCN(C(=O)n2sc3c(ccc[n+]3[O-])c2=O)CC1
0.8496525330769112,O=C(NC1OC(O)C(O)C(O)C1O)n1sc2ncccc2c1=O
2.2849025797061002,CNC1CCN(C(=O)n2sc3c(ccc[n+]3[O-])c2=O)CC1
0.4979674117886508,COc1ccc(CNC(=O)n2sc3c(ccc[n+]3[O-])c2=O)cc1OC
1.2899091312256488,O=C(N1CCNCC1)n1sc2c(ccc[n+]2[O-])c1=O
0.15257234026713262,O=C(c1ccncc1)N1CCN(C(=O)n2sc3c(ccc[n+]3[O-])c2=O)CC1
0.3027539477670482,O=C1CN(C(=O)n2sc3c(ccc[n+]3[O-])c2=O)CCN1
0.44938827066943454,CS(=O)(=O)N1CCN(C(=O)n2sc3c(ccc[n+]3[O-])c2=O)CC1
0.6284492120313925,COCCC(=O)N1CCN(C(=O)n2sc3c(ccc[n+]3[O-])c2=O)CC1
0.28091039312968746,CC(=O)N1CCN(C(=O)n2sc3c(ccc[n+]3[O-])c2=O)CC1
0.8168670282123515,CC(=O)N1CCN(C(=O)n2sc3ncccc3c2=O)CC1
1.140410223128539,N#Cc1ccc(N2CCN(C(=O)n3sc4ncccc4c3=O)CC2)cc1
1.4218165692275107,CC(=O)OCC1OC(OC(C)=O)C(NC(=O)n2sc3ncccc3c2=O)C(OC(C)=O)C1OC(C)=O
0.7827289362582346,CNC(C)(C)C(=O)N1CCN(C(=O)n2sc3c(ccc[n+]3[O-])c2=O)CC1
0.13901081082228273,O=C(C1CC1)N1CCN(C(=O)n2sc3c(ccc[n+]3[O-])c2=O)CC1
0.38875504186829724,NCC(=O)N1CCN(C(=O)n2sc3c(ccc[n+]3[O-])c2=O)CC1
0.15680577525411898,COC(=O)C=CCCC(NC(=O)c1ccncc1C(=O)O)C(=O)NC(C(=O)N1CC(=O)CC1C(=O)NC(C(=O)NC(C(N)=O)C1CCCCC1)C1CCCCC1)C(C)(C)C
0.8756073946113913,CCCCC(NC(=O)C(CCC=CC(=O)OC)NC(=O)C(CC(=O)O)NC(C)=O)C(=O)NC(CCCC)C(=O)NC(CC(C)C)C(=O)N1CCCC1C(=O)NC(Cc1c[nH]c2ccccc12)C(=O)N1CCCC1C(=O)O
0.11268574476776694,C=C1CC(C(=O)NC(CC(C)C)C(=O)N2CCCC2C(=O)O)N(C(=O)C(NC(=O)C(CCC=CC(=O)OC)NC(=O)c2cc(C(=O)O)cc([N+](=O)[O-])c2)C(C)(C)C)C1
0.13161991361283865,COC(=O)C=CCCC(NC(=O)c1cc([N+](=O)[O-])ccc1C(=O)O)C(=O)NC(C(=O)N1CC(Oc2ccccc2)CC1C(=O)NC(C(=O)NC(C(N)=O)C1CCCCC1)C1CCCCC1)C(C)(C)C
0.3848553090421838,COC(=O)C=CCCC(NC(=O)c1cc([N+](=O)[O-])ccc1C(=O)O)C(=O)NC(C(=O)N1CC(OCc2ccccc2)CC1C(=O)NC(C(=O)NC(C(N)=O)C1CCCCC1)C1CCCCC1)C(C)(C)C
-0.08401971404207043,COC(=O)C=CCCC(NC(=O)c1cc([N+](=O)[O-])ccc1C(=O)O)C(=O)NC(C(=O)N1CC(O)CC1C(=O)NC(C(=O)NC(C(N)=O)C1CCCCC1)C1CCCCC1)C(C)(C)C
5.145884818689368,CCOC(=O)C=CCCC(NC(=O)OCc1ccccc1)C(=O)NC(C(=O)N1CCCC1C(=O)NC(CC(C)C)C(=O)NC(C(N)=O)C1CCCCC1)C(C)C
2.1609210434187625,CCCCC(NC(=O)C(CCC=CC(=O)OC)NC(=O)c1ccc([N+](=O)[O-])cc1C(=O)O)C(=O)N1CCCC1C(=O)Nc1cccn(CC(=O)NC(Cc2c[nH]c3ccccc23)C(=O)N2CCCC2C(N)=O)c1=O
0.18407629026322914,CCOC(=O)C=CCCC(NC(=O)c1cc(C(=O)O)cc([N+](=O)[O-])c1)C(=O)NC(C(=O)N1CC(=O)CC1C(=O)NC(C(=O)NCCC(C)C)C1CCCCC1)C(C)(C)C
0.6894811659926172,COC(=O)C=CCCC(NC(=O)C(CC(N)=O)NC(C)=O)C(=O)NC(CCC(=O)O)C(=O)NC(CCC(N)=O)C(=O)NC(C(=O)NC(CO)C(=O)N1CCCC1C(=O)NC(CC(C)C)C(=O)O)C(C)C
-0.11048415332507844,COC(=O)C=CCCC(NC(=O)c1cc([N+](=O)[O-])ccc1C(=O)O)C(=O)NC(C(=O)N1CCC1C(=O)NC(C(=O)NC(C(N)=O)C1CCCCC1)C1CCCCC1)C(C)(C)C
0.001737272016683944,COC(=O)C=CCCC(NC(=O)c1cc([N+](=O)[O-])ccc1C(=O)O)C(=O)NC(C(=O)N1CC(F)CC1C(=O)NC(C(=O)NC(C(N)=O)C1CCCCC1)C1CCCCC1)C(C)(C)C
0.1964268773903759,COC(=O)C=CCCC(NC(=O)c1cc([N+](=O)[O-])ccc1C(=O)O)C(=O)NC(C(=O)N1CC2C(C1C(=O)NC(C(=O)NC(C(N)=O)C1CCCCC1)C1CCCCC1)C2(C)C)C(C)(C)C
0.006044122096305671,COC(=O)C=CCCC(NC(=O)c1cc([N+](=O)[O-])ccc1C(=O)O)C(=O)NC(CC1CC1)C(=O)N1CC(=O)CC1C(=O)NC(C(=O)NC(C(N)=O)C1CCCCC1)C1CCCCC1
0.27485090096161735,C=C1CC(C(=O)NC(CC(C)C)C(=O)NC(C(N)=O)C2CCCCC2)N(C(=O)C(NC(=O)C(CCC=CC(=O)OCC)NC(=O)c2ccc([N+](=O)[O-])cc2C(=O)O)C(C)(C)C)C1
-0.20276546740537138,COC(=O)C=CCCC(NC(=O)c1cc([N+](=O)[O-])ccc1C(=O)O)C(=O)NC(C(=O)N1CC(=O)CC1C(=O)NC(C(=O)NC(C(N)=O)C1CCCCC1)C1CCCCC1)C(C)(C)C
0.06954335915617893,COC(=O)C=CCCC(NC(=O)c1ccc([N+](=O)[O-])cc1C(=O)O)C(=O)NC(C(=O)N1COCC1C(=O)NC(C(=O)NC(C(N)=O)C1CCCCC1)C1CCCCC1)C(C)(C)C
0.001737272016683944,COC(=O)C=CCCC(NC(=O)c1cc([N+](=O)[O-])ccc1C(=O)O)C(=O)NC(C(=O)N1CC(F)CC1C(=O)NC(C(=O)NC(C(N)=O)C1CCCCC1)C1CCCCC1)C(C)(C)C
-0.07373778491154592,CCOC(=O)C=CCCC(NC(=O)c1cc([N+](=O)[O-])ccc1C(=O)O)C(=O)NC(C(=O)N1CC(=O)CC1C(=O)NC(C(=O)NC(C(N)=O)C1CCCCC1)C1CCCCC1)C(C)(C)C
0.13161991361283865,COC(=O)C=CCCC(NC(=O)c1cc([N+](=O)[O-])ccc1C(=O)O)C(=O)NC(C(=O)N1CC(Oc2ccccc2)CC1C(=O)NC(C(=O)NC(C(N)=O)C1CCCCC1)C1CCCCC1)C(C)(C)C
0.21234268269050816,CCOC(=O)C=CCCC(NC(=O)c1cc(Cl)c(Cl)cc1C(=O)O)C(=O)NC(C(=O)N1CCCC1C(=O)NC(CC(C)C)C(=O)NC(C(N)=O)C1CCCCC1)C(C)C
0.1114424121998614,COC(=O)C=CCCC(NC(=O)c1c[nH]c(=O)c([N+](=O)[O-])c1)C(=O)NC(C(=O)N1CC2CCCC2C1C(=O)NC(C(=O)NC(C(N)=O)C1CCCCC1)C1CCCCC1)C(C)(C)C
6.674519556423835,CCOC(=O)C=CCCC(NC(=O)OCc1ccccc1)C(=O)NC(C(=O)N1CCCC1C(=O)NC(CC(C)C)C(=O)NC(C(N)=O)C1CCCCC1)C1CCCCC1
-0.27983064718787976,C=C1CC(C(=O)NC(C(=O)NC(C(N)=O)C2CCCCC2)C2CCCCC2)N(C(=O)C(NC(=O)C(CCC=CC(=O)OC)NC(=O)c2cc([N+](=O)[O-])ccc2C(=O)O)C(C)(C)C)C1
0.43756672471020885,CCOC(=O)C=CCCC(NC(=O)OCc1ccccc1)C(=O)NC(C(=O)N1C(C(=O)NC(CC(C)C)C(N)=O)CC2CCCCC21)C(C)C
0.05729732807858534,CCOC(=O)C=CCCC(NC(=O)OCc1ccccc1)C(=O)NC(C(=O)N1CCCCC1C(=O)NC(CC(C)C)C(=O)OC)C(C)C
0.4524277896206237,COC(=O)C=CCCC(NC(=O)C(CC(N)=O)NC(C)=O)C(=O)NC(CCC(=O)O)C(=O)NC(CCC(N)=O)C(=O)NC(C(=O)NC(CO)C(=O)N1CCCC1C(=O)NC(CC(C)C)C(=O)NC(C(=O)NC(CC(C)C)C(=O)NC(CC(C)C)C(=O)NC(CCCCN)C(=O)O)C(C)O)C(C)C
0.21941642857875765,COC(=O)C=CCCC(NC(=O)c1cc([N+](=O)[O-])ccc1C(=O)O)C(=O)NC(C(=O)N1CC(F)(F)CC1C(=O)NC(C(=O)NC(C(N)=O)C1CCCCC1)C1CCCCC1)C(C)(C)C
1.4170869515163482,CC(C)(C)C(NC(=O)C(CCC=CC(N)=O)NC(=O)c1ccncc1C(=O)O)C(=O)N1CC(=O)CC1C(=O)NC(C(=O)NC(C(N)=O)C1CCCCC1)C1CCCCC1
0.7733791719013597,CNC(=O)C=CCCC(NC(=O)c1ccncc1C(=O)O)C(=O)NC(C(=O)N1CC(=O)CC1C(=O)NC(C(=O)NC(C(N)=O)C1CCCCC1)C1CCCCC1)C(C)(C)C
0.3994931277096967,C=CCOC(=O)NCCCCC(NC(=O)C(CC(C)C)NC(=O)C(CC(C)C)NC(=O)C(NC(=O)C(CC(C)C)NC(=O)C1CCCN1C(=O)C(CO)NC(=O)C(NC(=O)C(CCC(N)=O)NC(=O)C(CCC(=O)O)NC(=O)C(CCC=CC(=O)OC)NC(=O)C(CC(N)=O)NC(C)=O)C(C)C)C(C)O)C(=O)O
0.19914560487863575,COC(=O)C=CCCC(NC(=O)c1cc([N+](=O)[O-])ccc1C(=O)O)C(=O)NC(C(=O)N1CCCCC1C(=O)NC(C(=O)NC(C(N)=O)C1CCCCC1)C1CCCCC1)C(C)(C)C
9.564090823798425,CCCC(NC(=O)C(CCC=CC(=O)OC)NC(=O)c1ccccc1C(=O)O)C(=O)N1CCCC1(C)C(=O)NC(C(=O)NC(C(N)=O)C1CCCCC1)C1CCCCC1
0.28671040459049824,CCCCC(NC(=O)C(CCC=CC(=O)OC)NC(=O)C1CC(=O)CN1)C(=O)NC(C(=O)NC(CC(C)C)C(=O)N1CCCC1C(=O)O)C(C)CC
0.6086510936035714,CCOC(=O)C=CCCC(NC(=O)c1cnccc1C(=O)O)C(=O)NC(C(=O)N1CCCC1C(=O)NC(CC(C)C)C(=O)NC(C(N)=O)C1CCCCC1)C(C)(C)C
1.0213709312542896,CCCCC(NC(=O)C(CCC=CC(=O)OC)NC(=O)C1CC(=O)CN1)C(=O)NC(C(=O)NC(CC(C)C)C(=O)N1CCCC1C(=O)NC(Cc1c[nH]c2ccccc12)C(=O)N1CCCC1C(=O)O)C(C)CC
1.9820428330998028,CCCCC(NC(=O)C(CCC=CC(=O)OC)NC(=O)C(CC(=O)O)NC(C)=O)C(=O)NC(CCCC)C(=O)NC(CC(C)C)C(=O)N1CCCC1C(=O)O
0.19745143571898383,COC(=O)C=CCCC(NC(=O)C1CC(=O)CN1)C(=O)NC(CC1CC1)C(=O)N1CCOCC1C(=O)NC(CC(C)C)C(=O)N1CCCC1C(=O)O
6.675041424038883,COC(=O)C=CCCC(NC(=O)c1ccccc1C(=O)O)C(=O)NC(C(=O)N1CCCC(C(=O)NC(C(=O)NC(C)C(N)=O)C2CCCCC2)C1)C(C)(C)C
0.44739133641436113,CCCCC(NC(=O)C(CCC=CC(=O)OC)NC(=O)C(CC(=O)O)NC(C)=O)C(=O)NC(CCCC)C(=O)NC(CC(C)C)C(=O)N1CCCC1C(=O)NC(Cc1c[nH]c2ccccc12)C(=O)O
-0.0956243070656293,COC(=O)C=CCCC(NC(=O)c1c[nH]c(=O)c([N+](=O)[O-])c1)C(=O)NC(C(=O)N1CC(=O)CC1C(=O)NC(C(=O)NC(C(N)=O)C1CCCCC1)C1CCCCC1)C(C)(C)C
0.11167333584532546,COC(=O)C=CCCC(NC(=O)c1nccnc1C(=O)O)C(=O)NC(C(=O)N1CC(=O)CC1C(=O)NC(C(=O)NC(C(N)=O)C1CCCCC1)C1CCCCC1)C(C)(C)C
5.281126233059023,CCOC(=O)C=CCCC(NC(=O)c1cccs1)C(=O)NC(CCC(N)=O)C(=O)N1CCCC1C(=O)NC(CC(C)C)C(=O)NC(C(N)=O)C1CCCCC1
-0.048070937501786704,COC(=O)C=CCCC(NC(=O)c1ccncc1C(=O)O)C(=O)NC(C(=O)N1CC(=O)CC1C(=O)NC(C(=O)NC(C(=O)O)C1CCCCC1)C(C)C)C(C)(C)C
0.136017561059264,COC(=O)C=CCCC(NC(=O)c1cc([N+](=O)[O-])ccc1C(=O)O)C(=O)NC(C(=O)N1COCC1C(=O)NC(C(=O)NC(C(N)=O)C1CCCCC1)C1CCCCC1)C(C)(C)C
-0.04677082251482867,COC(=O)C=CCCC(NC(=O)c1cc([N+](=O)[O-])ccc1C(=O)O)C(=O)NC(C(=O)N1CCOCC1C(=O)NC(C(=O)NC(C(N)=O)C1CCCCC1)C1CCCCC1)C(C)(C)C
-0.2695835857415383,COC(=O)C=CCCC(NC(=O)c1ccncc1C(=O)O)C(=O)NC(C(=O)N1CC(=O)CC1C(=O)NC(C(=O)NC(C(=O)O)C1CCCCC1)C1CCCCC1)C(C)(C)C
0.30714716945586407,COC(=O)C=CCCC(NC(=O)c1ccncc1C(=O)O)C(=O)NC(CCSC)C(=O)N1CC(=O)CC1C(=O)NC(C(=O)NC(C(N)=O)C1CCCCC1)C1CCCCC1
0.08716419135734199,COC(=O)C=CCCC(NC(=O)c1cc(C(=O)O)cc([N+](=O)[O-])c1)C(=O)NC(C(=O)N1CC(=O)CC1C(=O)NC(C(=O)NC(C(N)=O)C1CCCCC1)C1CCCCC1)C(C)(C)C
0.7074891822939144,CCCCC(NC(=O)C(CCC=CC(=O)OC)NC(=O)C1CC(=O)CN1)C(=O)NC(C(=O)NC(CC(C)C)C(=O)N1CCCC1C(=O)NC(Cc1c[nH]c2ccccc12)C(=O)O)C(C)CC
1.5352294222759255,COC(=O)C=CCCC(NC(=O)C(CC(N)=O)NC(C)=O)C(=O)NC(CCC(=O)O)C(=O)NC(CCC(N)=O)C(=O)NC(C(=O)NC(CO)C(=O)N1CCCC1C(=O)NC(CC(C)C)C(=O)NC(C(=O)NC(CC(C)C)C(=O)NC(CC(C)C)C(=O)O)C(C)O)C(C)C
0.09289512493386498,CCOC(=O)C=CCCC(NC(=O)c1ccncc1C(=O)O)C(=O)NC(C(=O)N1CC(=O)CC1C(=O)NC(C(=O)NC(C(N)=O)C1CCCCC1)C1CCCCC1)C(C)(C)C
8.112867739392119,COC(=O)C=CCCC(NC(=O)C(CC(N)=O)NC(C)=O)C(=O)NC(CCC(=O)O)C(=O)NC(CCC(N)=O)C(=O)NC(C(=O)NC(CO)C(=O)N1CCCC1C(=O)NC(CC(C)C)C(=O)NC(C(=O)O)C(C)O)C(C)C
7.954962124369205,CCOC(=O)C=CCCC(NC(=O)OCc1ccccc1)C(=O)NC(C(=O)N1CCCC1C(=O)NC(C(=O)NCCC(C)C)C1CCCCC1)C(C)C
0.46553048593774204,CNC(=O)C(NC(=O)C(NC(=O)C1CC(=O)CN1C(=O)C(NC(=O)C(CCC=CC(=O)OC)NC(=O)c1ccncc1C(=O)O)C(C)(C)C)C1CCCCC1)C1CCCCC1
0.13747258173468624,COC(=O)C=CCCC(NC(=O)c1ccncc1C(=O)O)C(=O)NC(C(=O)N1CC(=O)CC1C(=O)NC(C(=O)NC(C(=O)OC)C1CCCCC1)C1CCCCC1)C(C)(C)C
3.8209036558798,COC(=O)C=CCCC(NC(=O)C(CC(N)=O)NC(C)=O)C(=O)NC(CCC(=O)O)C(=O)NC(CCC(N)=O)C(=O)NC(C(=O)NC(CO)C(=O)N1CCCC1C(=O)NC(CC(C)C)C(=O)NC(C(=O)NC(CC(C)C)C(=O)O)C(C)O)C(C)C
5.527683430650811,CCOC(=O)C=CCCC(NC(=O)OCc1ccccc1)C(=O)NC(CCC(N)=O)C(=O)N1CCCC1C(=O)NC(CC(C)C)C(=O)NC(C(N)=O)C1CCCCC1
0.27445774234928666,COC(=O)C=CCCC(NC(=O)c1cncc(C(=O)O)c1)C(=O)NC(C(=O)N1CCCC1C(=O)NC(C(=O)NC(C(N)=O)C1CCCCC1)C1CCCCC1)C(C)(C)C
-0.0169089884399507,COC(=O)C=CCCC(NC(=O)c1cc([N+](=O)[O-])ccc1C(=O)O)C(=O)NC(C(=O)N1CC=CC1C(=O)NC(C(=O)NC(C(N)=O)C1CCCCC1)C1CCCCC1)C(C)(C)C
0.10723352754466786,COC(=O)C=CCCC(NC(=O)c1cc(Cl)c(Cl)cc1C(=O)O)C(=O)NC(C(=O)N1CC2C(C1C(=O)NC(C(=O)NC(C(N)=O)C1CCCCC1)C1CCCCC1)C2(C)C)C(C)(C)C
0.06562696037525972,COC(=O)C=CCCC(NC(=O)c1cc([N+](=O)[O-])ccc1C(=O)O)C(=O)NC(C(=O)N1CCCC(C(=O)NC(C(=O)NC(C(N)=O)C2CCCCC2)C2CCCCC2)C1)C(C)(C)C
0.22574706590257598,COC(=O)C=CCCC(NC(=O)c1cc([N+](=O)[O-])ccc1C(=O)O)C(=O)NC(C(=O)N1C(C(=O)NC(C(=O)NC(C(N)=O)C2CCCCC2)C2CCCCC2)CC2CCCCC21)C(C)(C)C
2.4991191856508967,COC(=O)C=CCCC(NC(=O)c1ccccc1C(=O)O)C(=O)Nc1cccn(CC(=O)N2CCCC2C(=O)NC(Cc2c[nH]c3ccccc23)C(=O)N2CCCC2C(N)=O)c1=O
2.816145922387536,CCCCC(NC(=O)C(CCC=CC(=O)OC)NC(=O)c1ccccc1C(=O)O)C(=O)Nc1cccn(CC(=O)NC(Cc2c[nH]c3ccccc23)C(=O)N2CCCC2C(N)=O)c1=O
2.9088500583281203,CCCCC(NC(=O)C(CCC=CC(=O)OC)NC(=O)c1ccccc1C(=O)O)C(=O)Nc1cccn(CC(=O)N2CCCC2C(=O)NC(Cc2c[nH]c3ccccc23)C(=O)N2CCCC2C(N)=O)c1=O
9.555030387492451,CC(Sc1nc2scc(-c3ccccc3)c2c(=O)n1-c1ccccc1)C(=O)NN
